{"cameraMode":{"drawMode":0,"name":"Shaded","section":"Shading Mode"},"sceneLighting":false,"audioPlay":false,"sceneViewState":{"showFog":true,"showMaterialUpdate":true,"showSkybox":false,"showFlares":true,"showImageEffects":true,"showParticleSystems":true},"in2DMode":false,"pivot":{"x":4.818007469177246,"y":8.260979652404786,"z":-5.557626724243164},"rotation":{"x":-0.09944529831409455,"y":-0.0029875009786337616,"z":0.00029887305572628975,"w":-0.9950469136238098},"size":13.098819732666016,"orthographic":false}