{"cameraMode":{"drawMode":0,"name":"Shaded","section":"Shading Mode"},"sceneLighting":true,"audioPlay":false,"sceneViewState":{"showFog":true,"showMaterialUpdate":true,"showSkybox":true,"showFlares":true,"showImageEffects":true,"showParticleSystems":true},"in2DMode":false,"pivot":{"x":15.474862098693848,"y":11.950206756591797,"z":-1.5859407186508179},"rotation":{"x":-0.1380830556154251,"y":0.035351984202861789,"z":-0.004899913910776377,"w":-0.9898079633712769},"size":11.35386848449707,"orthographic":false}