{"cameraMode":{"drawMode":0,"name":"Shaded","section":"Shading Mode"},"sceneLighting":false,"audioPlay":false,"sceneViewState":{"showFog":true,"showMaterialUpdate":true,"showSkybox":false,"showFlares":true,"showImageEffects":true,"showParticleSystems":true},"in2DMode":false,"pivot":{"x":3.049999952316284,"y":0.6499999761581421,"z":-0.9946010112762451},"rotation":{"x":0.023364396765828134,"y":-0.04647451639175415,"z":-0.0010768453357741237,"w":-0.9986683130264282},"size":2.8578836917877199,"orthographic":false}