{"cameraMode":{"drawMode":0,"name":"Shaded","section":"Shading Mode"},"sceneLighting":false,"audioPlay":false,"sceneViewState":{"showFog":true,"showMaterialUpdate":true,"showSkybox":false,"showFlares":true,"showImageEffects":true,"showParticleSystems":true},"in2DMode":false,"pivot":{"x":5.469999313354492,"y":7.0799784660339359,"z":-5.800000190734863},"rotation":{"x":-0.09944529831409455,"y":-0.0029875009786337616,"z":0.00029887305572628975,"w":-0.9950469136238098},"size":12.134626388549805,"orthographic":false}