{"cameraMode":{"drawMode":0,"name":"Shaded","section":"Shading Mode"},"sceneLighting":false,"audioPlay":false,"sceneViewState":{"showFog":true,"showMaterialUpdate":true,"showSkybox":false,"showFlares":true,"showImageEffects":true,"showParticleSystems":true},"in2DMode":false,"pivot":{"x":5.513392925262451,"y":1.7015037536621094,"z":-5.888461589813232},"rotation":{"x":-0.1485174000263214,"y":0.023730333894491197,"z":-0.0035569462925195696,"w":-0.9886367321014404},"size":1.865105152130127,"orthographic":false}